rsid,MA,MAF,pval,OR
rs10469840,T,0.258,2.28E-16,1.19
rs10892299,T,0.171,1.97E-11,0.85
rs10912267,A,0.167,1.50E-11,0.84
rs11712165,G,0.417,4.42E-10,1.12
rs11757201,C,0.224,3.71E-07,1.22
rs12132349,A,0.257,7.89E-09,0.89
rs1250568,C,0.381,1.13E-14,0.87
rs12619531,G,0.453,4.15E-19,1.18
rs13132308,G,0.126,3.03E-36,0.71
rs13415465,G,0.344,1.22E-07,0.90
rs1353248,T,0.253,5.13E-16,0.85
rs1359062,C,0.142,3.50E-30,0.75
rs1422673,T,0.186,1.16E-02,0.94
rs17753641,G,0.144,6.76E-29,1.38
rs1893592,C,0.255,8.75E-11,0.88
rs2030519,G,0.422,5.38E-52,0.76
rs212407,G,0.393,1.26E-11,1.13
rs2542148,C,0.180,8.34E-12,1.18
rs2812378,G,0.347,5.35E-06,1.09
rs3190930,T,0.276,1.79E-20,1.21
rs34593439,A,0.118,2.21E-06,1.15
rs41432345,C,0.104,2.45E-19,1.35
rs4560096,G,0.423,1.56E-13,1.15
rs60600003,G,0.117,3.86E-13,1.24
rs61907765,T,0.242,2.04E-13,1.17
rs66534072,G,0.213,1.07E-09,1.16
rs6664969,A,0.306,1.34E-08,0.90
rs6691768,G,0.354,1.02E-09,0.89
rs6749371,T,0.063,6.88E-09,0.81
rs7104791,T,0.230,7.75E-10,1.14
rs72928038,A,0.184,4.27E-07,1.13
rs7426056,A,0.267,1.52E-11,1.15
rs74643882,T,0.026,4.09E-11,1.61
rs7574865,T,0.240,3.55E-05,1.10
rs947474,G,0.172,1.82E-07,0.88